{"cameraMode":{"drawMode":0,"name":"Shaded","section":"Shading Mode"},"sceneLighting":true,"audioPlay":false,"sceneViewState":{"m_AlwaysRefresh":false,"showFog":true,"showSkybox":true,"showFlares":true,"showImageEffects":true,"showParticleSystems":true,"showVisualEffectGraphs":true,"m_FxEnabled":true},"in2DMode":false,"pivot":{"x":1.3429094552993775,"y":4.877746105194092,"z":7.059764862060547},"rotation":{"x":-0.012443451210856438,"y":0.9015045166015625,"z":-0.02597907930612564,"w":-0.4318115711212158},"size":0.3946687579154968,"orthographic":false}